word,count
market,2425
price,2396
crypto,2225
bitcoin,1737
asset,1143
ethereum,1118
token,1054
investor,1004
could,993
xrp,918
million,904
eth,885
finance,794
potential,775
new,770
coin,725
trading,713
digital,703
investment,680
user,670
also,635
presale,615
like,603
project,601
growth,593
btc,590
significant,566
institutional,565
first,561
strong,556
wallet,545
high,539
platform,537
move,535
momentum,535
billion,531
company,521
financial,518
etf,512
future,504
analyst,501
level,496
cryptocurrency,492
time,466
http,460
bullish,459
one,457
value,450
gain,446
key,441
trend,438
support,436
current,422
holding,418
exchange,415
offer,401
blockchain,397
major,396
early,393
adoption,391
network,390
development,387
year,382
whale,380
trader,380
strategy,377
next,375
ecosystem,374
data,372
interest,372
august,372
post,370
meme,365
top,364
sentiment,361
buy,352
risk,352
broader,351
ripple,350
past,349
rally,349
defi,344
growing,337
position,336
activity,335
recent,334
transaction,330
community,330
mutuum,330
security,327
may,326
global,320
appeared,318
signal,318
altcoin,312
around,308
mutm,308
solana,305
increase,305
still,303
launch,300
volume,300
demand,298
capital,298
resistance,297
ai,296
reward,296
strategic,295
fund,294
often,292
u,291
doge,290
day,289
however,288
already,285
surge,285
even,284
treasury,283
return,282
point,280
holder,280
utility,276
altcoins,276
index,276
month,276
world,274
payment,273
phase,273
toward,264
make,263
opportunity,262
action,260
large,260
breakout,260
cold,259
prediction,258
technical,257
within,256
daily,250
stablecoin,250
decentralized,248
would,247
shift,246
magacoin,246
firm,245
dogecoin,245
across,244
show,244
trump,244
making,243
volatility,243
see,243
currently,242
share,240
regulatory,240
target,239
week,239
supply,238
mining,237
set,236
remains,236
system,236
use,235
according,235
spot,235
service,234
contract,233
cardano,232
attention,230
many,229
since,227
article,227
among,227
last,224
hold,224
analysis,223
offering,222
stage,222
liquidity,221
higher,220
confidence,218
ada,217
chart,216
model,216
near,214
best,214
space,213
plan,212
latest,210
movement,210
rising,208
cycle,207
infrastructure,206
access,206
potentially,206
clear,206
player,205
real,204
pressure,203
season,203
case,200
buying,200
july,200
might,199
social,198
website,198
bull,198
increased,197
back,197
reach,196
rate,196
performance,194
approach,193
average,192
trade,192
medium,190
cryptocurrencies,189
continues,189
leading,189
legal,189
total,188
traditional,188
profit,188
bank,187
news,186
industry,185
rise,185
staking,185
low,185
buyer,185
accumulation,185
said,181
substantial,181
selling,181
mean,181
continue,180
despite,180
beyond,179
smart,179
team,177
binance,176
without,176
open,175
sec,174
bitcoinworld,172
including,172
help,172
listing,172
remittix,172
today,171
decision,171
lead,171
blockdag,171
bybit,169
sol,168
focus,167
reserve,166
short,166
mark,164
bnb,164
impact,164
indicator,163
fee,163
crucial,163
dynamic,162
raised,161
upside,161
feature,160
corporate,160
come,159
another,158
inflow,158
ahead,158
technology,157
looking,157
x,156
zone,155
recently,154
greed,154
stand,154
directly,153
push,152
tool,152
source,151
suggests,151
landscape,151
period,150
seen,150
public,150
protocol,150
insight,150
positive,149
innovation,148
role,147
factor,146
highlight,146
range,144
learn,142
sector,141
event,141
expected,141
explore,141
stock,140
term,140
entry,140
question,140
building,139
strength,137
moving,137
loss,137
benefit,137
policy,137
two,136
robust,136
active,135
hour,135
product,135
telegram,135
build,134
secure,134
big,134
ongoing,134
link,134
gaining,134
pepe,134
massive,133
wave,133
official,132
following,132
purchase,132
way,132
hit,132
reading,132
inu,132
management,131
increasing,131
part,130
sale,130
several,130
base,129
fast,129
based,129
long,129
research,129
play,129
hyperliquid,129
portfolio,129
include,128
structure,128
keep,128
yet,128
report,127
retail,127
dominance,127
blackrock,127
option,127
nearly,127
record,126
fear,126
developer,126
revenue,126
president,126
understanding,126
power,124
appeal,124
number,123
drop,123
cost,122
end,122
trust,122
sharplink,122
made,120
acquisition,120
run,120
forecast,120
consider,120
participant,118
layer,118
break,118
control,118
upward,117
likely,117
especially,117
due,116
view,116
hype,116
used,116
inflation,116
possible,115
dollar,115
rsi,114
transfer,114
overall,113
exposure,113
block,113
sign,113
unique,113
order,112
cut,112
live,112
challenge,112
pattern,112
need,112
showing,111
place,111
find,111
institution,110
deal,110
step,110
lending,110
steady,110
remain,110
bonus,110
stablecoins,109
name,109
tabloid,109
previous,109
shaping,109
expansion,107
milestone,107
sold,107
partnership,106
update,106
cap,106
worth,106
lower,106
critical,106
flow,105
multiple,105
built,105
business,104
get,104
experience,103
indicating,103
give,103
economic,103
look,103
powerful,103
change,102
provide,102
towards,102
suggest,102
provides,102
announced,101
influence,101
gaming,101
account,101
stability,101
designed,101
application,101
shib,101
every,101
decline,100
setup,100
condition,100
seeking,100
visit,99
act,99
fundamental,98
tradingview,98
core,98
roi,98
currency,98
boost,97
similar,97
money,97
funding,97
positioning,97
individual,97
right,96
speed,96
outlook,96
aim,96
conclusion,96
release,95
per,95
largest,95
rather,95
whether,95
traction,95
confirmed,94
approximately,94
close,94
three,94
hyper,94
continued,94
private,94
using,93
behind,93
asked,93
result,92
integration,92
become,92
retirement,92
face,92
app,92
circle,92
much,91
surged,91
chainlink,90
